effectiveness,mean_pst_rating
1.0,2.65575
2.0,2.660487804878049
3.0,2.69125
4.0,2.7205
