pst_quartile,percent,count
1.0,0.043478260869565216,1
2.0,0.2608695652173913,6
3.0,0.4782608695652174,11
4.0,0.21739130434782608,5
