pst_quartile,percent,count
1.0,0.3010752688172043,28
2.0,0.24731182795698925,23
3.0,0.24731182795698925,23
4.0,0.20430107526881722,19
