SD 14 Day Show,SD 30 Day Show,PI 14 Day Show,PI 30 Day Show
81.4889336,81.76,94.42022668,94.74206349
